{
  "kt": 0.39096245877183244,
  "R": 3.61661230030077,
  "armature": 0.001931194420759855,
  "q_offset": 0.037475941806025814,
  "friction_base": 0.01519724219490505,
  "friction_viscous": 0.003962602611158995,
  "model": "m1",
  "actuator": "xl330"
}
