{"kt": 0.38429302034033563, "R": 3.588951206604558, "armature": 0.0019509450453526137, "q_offset": 0.019559708719558894, "friction_base": 0.0189381330982326, "friction_viscous": 0.004035456621843853, "model": "m1", "actuator": "xl330"}