{
  "kt": 0.37005152119117146,
  "R": 3.498349797205021,
  "armature": 0.0019898151031250474,
  "q_offset": -0.0017672434168936602,
  "friction_base": 0.01821167858833861,
  "friction_viscous": 0.005902005392322235,
  "model": "m1",
  "actuator": "xl330"
}
