{
    "kt": 0.3866957639281311,
    "R": 4.017129222290597,
    "armature": 0.0018141672784458866,
    "q_offset": 0.030871000250528358,
    "friction_base": 0.01283272036582759,
    "friction_viscous": 0.003661672282824312,
    "model": "m1",
    "actuator": "xl330"
}