{
  "kt": 0.38165206872948554,
  "R": 3.6049237426144547,
  "armature": 0.0019179801107612352,
  "q_offset": 0.025873092678187493,
  "friction_base": 0.019133626938932002,
  "friction_viscous": 0.0038090515443390256,
  "model": "m1",
  "actuator": "xl330"
}
