{
  "model": "m1",
  "actuator": "xl330",
  "params": "bam/params/xl330/m1.json",
  "logdir": "data/xl330",
  "base_mae": 0.03185787894365102,
  "tolerance": 0.03,
  "threshold_mae": 0.03281361531196055,
  "sensitivity": {
    "kt": {
      "value": 0.38165206872948554,
      "lower": 0.36871360816023935,
      "upper": 0.40607609301156844,
      "lower_clamped": false,
      "upper_clamped": false
    },
    "R": {
      "value": 3.6049237426144547,
      "lower": 3.3888211274736095,
      "upper": 3.745288318480238,
      "lower_clamped": false,
      "upper_clamped": false
    },
    "armature": {
      "value": 0.0019179801107612352,
      "lower": 0.0016791615956027873,
      "upper": 0.0021598597637578275,
      "lower_clamped": false,
      "upper_clamped": false
    },
    "q_offset": {
      "value": 0.025873092678187493,
      "lower": 0.000855598157468054,
      "upper": 0.03874600462689519,
      "lower_clamped": false,
      "upper_clamped": false
    },
    "friction_base": {
      "value": 0.019133626938932002,
      "lower": 0.01814141238266754,
      "upper": 0.019974345587549226,
      "lower_clamped": false,
      "upper_clamped": false
    },
    "friction_viscous": {
      "value": 0.0038090515443390256,
      "lower": 0.00335325855589469,
      "upper": 0.004320651980397152,
      "lower_clamped": false,
      "upper_clamped": false
    }
  }
}