{
  "kt": 0.21320273258394085,
  "R": 2.000000088592611,
  "armature": 0.001989285775798245,
  "q_offset": 0.002359123553688877,
  "friction_base": 0.016040918727540855,
  "friction_stribeck": 0.01152672700458152,
  "dtheta_stribeck": 0.19118920353305913,
  "alpha": 3.9999999971272904,
  "friction_viscous": 0.02354984234642626,
  "model": "m2",
  "actuator": "xl330"
}
