{"kt": 0.3828035994756994, "R": 3.5977874337978566, "armature": 0.0019447947707346733, "q_offset": 0.018513125207515246, "friction_base": 0.017862485055596004, "friction_stribeck": 0.001219077474887715, "dtheta_stribeck": 0.23498464441923786, "alpha": 3.9999999978585206, "friction_viscous": 0.004518092968061638, "model": "m2", "actuator": "xl330"}