{
  "kt": 0.39102353085420005,
  "R": 3.631867479223215,
  "armature": 0.00193969742048894,
  "q_offset": 0.039640899473523505,
  "friction_base": 0.013873556342119606,
  "friction_stribeck": 0.002410148555530383,
  "dtheta_stribeck": 0.24888704102766943,
  "alpha": 9.999999998922657,
  "friction_viscous": 0.004442530686844534,
  "model": "m2",
  "actuator": "xl330"
}
