{
  "kt": 0.38082604009581533,
  "R": 3.6075906414207095,
  "armature": 0.0019147219169590663,
  "q_offset": 0.027299660077914623,
  "friction_base": 0.018601492795417476,
  "friction_stribeck": 0.0011012778060184916,
  "dtheta_stribeck": 0.2612676462986131,
  "alpha": 3.9999999983129455,
  "friction_viscous": 0.004047971379756858,
  "model": "m2",
  "actuator": "xl330"
}
