{
  "kt": 0.2914666127989648,
  "R": 2.0000000000177396,
  "armature": 0.002596131287992887,
  "q_offset": 0.015547202120246767,
  "friction_base": 0.002319691753871906,
  "load_friction_base": 0.26407734798146426,
  "friction_viscous": 0.016903883836368913,
  "model": "m3",
  "actuator": "xl330"
}
