{"kt": 0.3571397933551148, "R": 2.711091789553222, "armature": 0.00222430274900321, "q_offset": 0.008134336389953908, "friction_base": 0.009348787927259522, "load_friction_base": 0.1936410776942758, "friction_viscous": 0.006994844113809709, "model": "m3", "actuator": "xl330"}