{
  "kt": 0.3649589249395556,
  "R": 2.9965245516660737,
  "armature": 0.0020824350884471447,
  "q_offset": 0.012203238983451797,
  "friction_base": 0.012109386074693827,
  "load_friction_base": 0.13913091060903499,
  "friction_viscous": 0.005734790908595747,
  "model": "m3",
  "actuator": "xl330"
}
