{
  "kt": 0.3807112096806716,
  "R": 3.042577837095542,
  "armature": 0.001961730123669368,
  "q_offset": 0.03232758962534529,
  "friction_base": 0.011302412891443533,
  "load_friction_base": 0.12341835796790665,
  "friction_viscous": 0.0044129336093419475,
  "model": "m3",
  "actuator": "xl330"
}
