{
  "model": "m3",
  "actuator": "xl330",
  "params": "bam/params/xl330/m3.json",
  "logdir": "data/xl330",
  "base_mae": 0.02435047782854051,
  "tolerance": 0.03,
  "threshold_mae": 0.025080992163396727,
  "sensitivity": {
    "kt": {
      "value": 0.3649589249395556,
      "lower": 0.3549164547802649,
      "upper": 0.3826314248807864,
      "lower_clamped": false,
      "upper_clamped": false
    },
    "R": {
      "value": 2.9965245516660737,
      "lower": 2.8589180020095672,
      "upper": 3.0829759119979636,
      "lower_clamped": false,
      "upper_clamped": false
    },
    "armature": {
      "value": 0.0020824350884471447,
      "lower": 0.0018006041907189273,
      "upper": 0.0023545794759663443,
      "lower_clamped": false,
      "upper_clamped": false
    },
    "q_offset": {
      "value": 0.012203238983451797,
      "lower": -0.010756017585235995,
      "upper": 0.026334869904012875,
      "lower_clamped": false,
      "upper_clamped": false
    },
    "friction_base": {
      "value": 0.012109386074693827,
      "lower": 0.010321876941980912,
      "upper": 0.013190265635917369,
      "lower_clamped": false,
      "upper_clamped": false
    },
    "load_friction_base": {
      "value": 0.13913091060903499,
      "lower": 0.12241966567942014,
      "upper": 0.15977442167783928,
      "lower_clamped": false,
      "upper_clamped": false
    },
    "friction_viscous": {
      "value": 0.005734790908595747,
      "lower": 0.004747881563756029,
      "upper": 0.006503032682738405,
      "lower_clamped": false,
      "upper_clamped": false
    }
  }
}