{
  "kt": 0.291545002295148,
  "R": 2.0000000000185074,
  "armature": 0.0025782540685099515,
  "q_offset": 0.015495013221210871,
  "friction_base": 0.0021521768302085447,
  "friction_stribeck": 0.0004142783877571575,
  "load_friction_base": 0.25158745242367064,
  "load_friction_stribeck": 0.052028475872390546,
  "dtheta_stribeck": 0.11780576795939068,
  "alpha": 1.0000158406484074,
  "friction_viscous": 0.017819710915700462,
  "model": "m4",
  "actuator": "xl330"
}
