{
  "kt": 0.38455967757790555,
  "R": 3.0625638570802733,
  "armature": 0.001942292535927778,
  "q_offset": 0.03044053880903863,
  "friction_base": 0.011184391867035404,
  "friction_stribeck": 0.0002863056092920234,
  "load_friction_base": 0.11139426824809444,
  "load_friction_stribeck": 0.028375048874560663,
  "dtheta_stribeck": 0.2376854961357817,
  "alpha": 9.977898626781634,
  "friction_viscous": 0.004619163212490518,
  "model": "m4",
  "actuator": "xl330"
}
