{"kt": 0.3561922406972633, "R": 2.683342742910402, "armature": 0.0022063924524511006, "q_offset": 0.009345745046786022, "friction_base": 0.005553428832472521, "friction_stribeck": 0.008243104059769897, "load_friction_base": 0.20076013599005496, "load_friction_stribeck": 0.030438592858099342, "dtheta_stribeck": 0.10002306779267715, "alpha": 2.7525613317226925, "friction_viscous": 0.008890650044869402, "model": "m4", "actuator": "xl330"}