{
  "kt": 0.28575904242384065,
  "R": 2.000035077334106,
  "armature": 0.0025685034365580837,
  "q_offset": 0.016236782422969886,
  "friction_base": 0.0020391814934009656,
  "friction_stribeck": 5.468352862616111e-09,
  "load_friction_motor": 0.23007570268448654,
  "load_friction_external": 0.25825760438071466,
  "load_friction_motor_stribeck": 5.004477566346946e-07,
  "load_friction_external_stribeck": 0.11700810706121324,
  "dtheta_stribeck": 0.22258733082429977,
  "alpha": 2.3288381456131346,
  "friction_viscous": 0.018686549517152658,
  "model": "m5",
  "actuator": "xl330"
}
