{"kt": 0.3387881101585224, "R": 2.3371346612159773, "armature": 0.002107333326728293, "q_offset": 0.008956294605195383, "friction_base": 0.00606303776928581, "friction_stribeck": 0.0072508811182012385, "load_friction_motor": 0.3233873254278101, "load_friction_external": 0.10147129879956913, "load_friction_motor_stribeck": 2.871881759851801e-09, "load_friction_external_stribeck": 0.18994963638875817, "dtheta_stribeck": 0.10000000828098855, "alpha": 3.999999704597713, "friction_viscous": 0.009696819153987467, "model": "m5", "actuator": "xl330"}