{
  "kt": 0.37001849713104207,
  "R": 2.654780705281979,
  "armature": 0.001949394950298333,
  "q_offset": 0.031891298647777566,
  "friction_base": 0.010885151088653474,
  "friction_stribeck": 9.209512293992435e-08,
  "load_friction_motor": 0.23196703832243712,
  "load_friction_external": 5.22558017320201e-06,
  "load_friction_motor_stribeck": 2.111199277836473e-07,
  "load_friction_external_stribeck": 0.11374040554915475,
  "dtheta_stribeck": 1.375277897243228,
  "alpha": 8.899234073330536,
  "friction_viscous": 0.005675810597156804,
  "model": "m5",
  "actuator": "xl330"
}
