{
  "kt": 0.3531584007649331,
  "R": 2.5386384987186936,
  "armature": 0.0020573074829207255,
  "q_offset": 0.010598275825535255,
  "friction_base": 0.01208891329215458,
  "friction_stribeck": 3.304524182085021e-14,
  "load_friction_motor": 0.275101273381372,
  "load_friction_external": 0.0511461425751032,
  "load_friction_motor_stribeck": 4.5498870903802505e-14,
  "load_friction_external_stribeck": 0.1252599601983392,
  "dtheta_stribeck": 0.2603953060543827,
  "alpha": 1.7115151998240392,
  "friction_viscous": 0.0068991729573911935,
  "model": "m5",
  "actuator": "xl330"
}
