{
  "model": "m5",
  "actuator": "xl330",
  "params": "bam/params/xl330/m5.json",
  "logdir": "data/xl330",
  "base_mae": 0.02243243491189011,
  "tolerance": 0.03,
  "threshold_mae": 0.023105407959246812,
  "sensitivity": {
    "kt": {
      "value": 0.3531584007649331,
      "lower": 0.3428234111492784,
      "upper": 0.36867197907025273,
      "lower_clamped": false,
      "upper_clamped": false
    },
    "R": {
      "value": 2.5386384987186936,
      "lower": 2.4406602485990856,
      "upper": 2.6103463580119524,
      "lower_clamped": false,
      "upper_clamped": false
    },
    "armature": {
      "value": 0.0020573074829207255,
      "lower": 0.0018097277587856703,
      "upper": 0.0023312702817177315,
      "lower_clamped": false,
      "upper_clamped": false
    },
    "q_offset": {
      "value": 0.010598275825535255,
      "lower": -0.008794137901943068,
      "upper": 0.022392902714933723,
      "lower_clamped": false,
      "upper_clamped": false
    },
    "friction_base": {
      "value": 0.01208891329215458,
      "lower": 0.010812881405008752,
      "upper": 0.013002450481892178,
      "lower_clamped": false,
      "upper_clamped": false
    },
    "friction_stribeck": {
      "value": 3.304524182085021e-14,
      "lower": 0.0,
      "upper": 0.0031823641062108028,
      "lower_clamped": true,
      "upper_clamped": false
    },
    "load_friction_motor": {
      "value": 0.275101273381372,
      "lower": 0.24765233343908682,
      "upper": 0.2971074450709271,
      "lower_clamped": false,
      "upper_clamped": false
    },
    "load_friction_external": {
      "value": 0.0511461425751032,
      "lower": 0.02511321906047391,
      "upper": 0.0829433422744327,
      "lower_clamped": false,
      "upper_clamped": false
    },
    "load_friction_motor_stribeck": {
      "value": 4.5498870903802505e-14,
      "lower": 0.0,
      "upper": 0.02330089509491596,
      "lower_clamped": true,
      "upper_clamped": false
    },
    "load_friction_external_stribeck": {
      "value": 0.1252599601983392,
      "lower": 0.052200774995599976,
      "upper": 0.17857425949407404,
      "lower_clamped": false,
      "upper_clamped": false
    },
    "dtheta_stribeck": {
      "value": 0.2603953060543827,
      "lower": 0.1555503471990787,
      "upper": 0.6464446064774396,
      "lower_clamped": false,
      "upper_clamped": false
    },
    "alpha": {
      "value": 1.7115151998240392,
      "lower": 1.0,
      "upper": 4.0,
      "lower_clamped": true,
      "upper_clamped": true
    },
    "friction_viscous": {
      "value": 0.0068991729573911935,
      "lower": 0.006194738161984192,
      "upper": 0.007596521783219324,
      "lower_clamped": false,
      "upper_clamped": false
    }
  }
}