{
  "kt": 0.3530381883659631,
  "R": 2.5392025209094187,
  "armature": 0.0020611316333410583,
  "q_offset": 0.010354751689744424,
  "friction_base": 0.012022451143268827,
  "friction_stribeck": 6.918474810722028e-05,
  "load_friction_motor": 0.2747143713671604,
  "load_friction_external": 0.051955485844791274,
  "load_friction_motor_stribeck": 1.0401452559110973e-09,
  "load_friction_external_stribeck": 0.12284618989261688,
  "load_friction_motor_quad": 0.009999978325502935,
  "load_friction_external_quad": 0.009999988392661906,
  "dtheta_stribeck": 0.2622943838368961,
  "alpha": 1.7111256139271775,
  "friction_viscous": 0.006932831437266223,
  "model": "m6",
  "actuator": "xl330"
}
