{"kt": 0.3378911401596897, "R": 2.298787399903471, "armature": 0.0021173123765794786, "q_offset": 0.008058730308779322, "friction_base": 0.006576901417600614, "friction_stribeck": 0.007681868702239284, "load_friction_motor": 0.3363970560797436, "load_friction_external": 0.09177792244604617, "load_friction_motor_stribeck": 3.946840800336075e-06, "load_friction_external_stribeck": 0.12734082688777074, "load_friction_motor_quad": 0.0062496927653033895, "load_friction_external_quad": 0.003186138690282794, "dtheta_stribeck": 0.10006137222378013, "alpha": 3.26446295899839, "friction_viscous": 0.009476979761376654, "model": "m6", "actuator": "xl330"}