{
  "kt": 0.37253285274194237,
  "R": 2.67694806663074,
  "armature": 0.0019264867295509705,
  "q_offset": 0.031521147805702004,
  "friction_base": 0.010880644662584288,
  "friction_stribeck": 1.7008131281803726e-07,
  "load_friction_motor": 0.22204164835180631,
  "load_friction_external": 3.83928204610708e-06,
  "load_friction_motor_stribeck": 1.6006609429043442e-06,
  "load_friction_external_stribeck": 0.15273047374087004,
  "load_friction_motor_quad": 0.003231550205221654,
  "load_friction_external_quad": 0.003159439595523146,
  "dtheta_stribeck": 1.7634675136527356,
  "alpha": 1.0341978661576603,
  "friction_viscous": 0.005403414456641469,
  "model": "m6",
  "actuator": "xl330"
}
