{
    "kt": 0.36601349688984386,
    "R": 2.8113923539223227,
    "armature": 0.0018077432831600838,
    "q_offset": 0.0271132870444849,
    "friction_base": 0.004771183165566,
    "friction_stribeck": 0.004676345799486616,
    "load_friction_motor": 0.2667860954283698,
    "load_friction_external": 8.515871897059342e-06,
    "load_friction_motor_stribeck": 1.0722918395099123e-05,
    "load_friction_external_stribeck": 0.08077928978935671,
    "load_friction_motor_quad": 0.009972471242139415,
    "load_friction_external_quad": 0.004902565732332559,
    "dtheta_stribeck": 2.890372094130307,
    "alpha": 8.683259907618984,
    "friction_viscous": 0.005359668274599504,
    "model": "m6",
    "actuator": "xl330"
}