{
  "model": "m6",
  "actuator": "xl330",
  "params": "bam/params/xl330/m6.json",
  "logdir": "data/xl330",
  "base_mae": 0.02241182979008536,
  "tolerance": 0.03,
  "threshold_mae": 0.02308418468378792,
  "sensitivity": {
    "kt": {
      "value": 0.3530381883659631,
      "lower": 0.3427009648795254,
      "upper": 0.36849231309050234,
      "lower_clamped": false,
      "upper_clamped": false
    },
    "R": {
      "value": 2.5392025209094187,
      "lower": 2.441654332154972,
      "upper": 2.611006609348153,
      "lower_clamped": false,
      "upper_clamped": false
    },
    "armature": {
      "value": 0.0020611316333410583,
      "lower": 0.0018110687922281428,
      "upper": 0.0023324625064381067,
      "lower_clamped": false,
      "upper_clamped": false
    },
    "q_offset": {
      "value": 0.010354751689744424,
      "lower": -0.008768712945586442,
      "upper": 0.022295163093837285,
      "lower_clamped": false,
      "upper_clamped": false
    },
    "friction_base": {
      "value": 0.012022451143268827,
      "lower": 0.010745571481292116,
      "upper": 0.01293734224019762,
      "lower_clamped": false,
      "upper_clamped": false
    },
    "friction_stribeck": {
      "value": 6.918474810722028e-05,
      "lower": 0.0,
      "upper": 0.003263074449963906,
      "lower_clamped": true,
      "upper_clamped": false
    },
    "load_friction_motor": {
      "value": 0.2747143713671604,
      "lower": 0.24742351521822367,
      "upper": 0.2967780457233805,
      "lower_clamped": false,
      "upper_clamped": false
    },
    "load_friction_external": {
      "value": 0.051955485844791274,
      "lower": 0.025885959692057238,
      "upper": 0.08386632379447664,
      "lower_clamped": false,
      "upper_clamped": false
    },
    "load_friction_motor_stribeck": {
      "value": 1.0401452559110973e-09,
      "lower": 0.0,
      "upper": 0.023494527759596394,
      "lower_clamped": true,
      "upper_clamped": false
    },
    "load_friction_external_stribeck": {
      "value": 0.12284618989261688,
      "lower": 0.05017110325319992,
      "upper": 0.17653639601331095,
      "lower_clamped": false,
      "upper_clamped": false
    },
    "load_friction_motor_quad": {
      "value": 0.009999978325502935,
      "lower": 0.0,
      "upper": 0.01,
      "lower_clamped": true,
      "upper_clamped": true
    },
    "load_friction_external_quad": {
      "value": 0.009999988392661906,
      "lower": 0.0,
      "upper": 0.01,
      "lower_clamped": true,
      "upper_clamped": true
    },
    "dtheta_stribeck": {
      "value": 0.2622943838368961,
      "lower": 0.15519810846069895,
      "upper": 0.6486256740046442,
      "lower_clamped": false,
      "upper_clamped": false
    },
    "alpha": {
      "value": 1.7111256139271775,
      "lower": 1.0,
      "upper": 4.0,
      "lower_clamped": true,
      "upper_clamped": true
    },
    "friction_viscous": {
      "value": 0.006932831437266223,
      "lower": 0.006223651313652335,
      "upper": 0.007630053043354938,
      "lower_clamped": false,
      "upper_clamped": false
    }
  }
}