{"kt": 1.21164135295077, "R": 2.6761663274455603, "armature": 0.02840336348682085, "q_offset": -0.05116067663549731, "friction_base": 0.05239296084748866, "friction_viscous": 0.05908515565091076, "model": "m1", "actuator": "sts3215"}