{"kt": 0.35779164271150476, "R": 2.374988979696358, "armature": 0.0020257825918762167, "q_offset": -0.06546129209754742, "friction_base": 0.001754607184547046, "friction_stribeck": 0.0010538474216419162, "load_friction_motor": 0.3192184816286803, "load_friction_external": 0.12809368871589483, "load_friction_motor_stribeck": 0.18955233643383987, "load_friction_external_stribeck": 0.10892769962721865, "load_friction_motor_quad": 0.0010502076729414875, "load_friction_external_quad": 0.006317081973583958, "dtheta_stribeck": 1.7221467024134323, "alpha": 1.9509891711049203, "friction_viscous": 0.009619244577789402, "model": "m6", "actuator": "xl330"}