{
    "kt": 1.6224667906987444,
    "R": 3.949433673232461,
    "armature": 0.011951238325312509,
    "friction_base": 0.09038677246291783,
    "friction_viscous": 0.011691602145974832,
    "model": "m1",
    "actuator": "mx64"
}