{"kt": 0.7007020801847325, "armature": 0.008793405204572328, "R": 1.0218624869613808, "friction_base": 0.013343597773929877, "friction_stribeck": 0.015979030965067358, "load_friction_motor": 0.043595874959984376, "load_friction_external": 0.11605609187444317, "load_friction_motor_stribeck": 0.1869529966374398, "load_friction_external_stribeck": 0.15456184624490737, "load_friction_motor_quad": 0.009421827480947312, "load_friction_external_quad": 0.005073033111788205, "dtheta_stribeck": 0.3263311104179638, "alpha": 2.2834117819170268, "friction_viscous": 0.054986676303726924, "model": "m6", "actuator": "sts3250"}