{"stiffness": 67.32087212525703, "damping": 2.3451295894765924, "inertia": 0.0009998250120449165, "friction_base": 0.19851639530453832, "friction_viscous": 0.03485439607770722, "friction_stribeck": 0.0439245002153065, "load_friction_motor": 9.0918406563577e-07, "load_friction_external": 0.19573364292934822, "load_friction_motor_stribeck": 0.029531012135343995, "load_friction_external_stribeck": 0.4179007617885853, "load_friction_motor_quad": 0.001512376494937079, "load_friction_external_quad": 0.00941737828184932, "dtheta_stribeck": 0.058658129687505375, "alpha": 1.592838833546467, "model": "m6", "actuator": "sts3250"}