{"kt": 1.443985897804671, "error_gain_ratio": 0.9754522802666795, "R": 2.0295624974250366, "armature": 0.03245999409626578, "q_offset": 0.09452559263254567, "max_velocity": 14.597462818084868, "friction_base": 0.1958711784097532, "friction_viscous": 0.03047350651248057, "model": "m1", "actuator": "sts321512v"}