{"kt": 7.657864604656686, "armature": 0.9589533917163041, "friction_base": 5.610965892410754, "friction_viscous": 8.392324354671375, "model": "m1", "actuator": "erob80_100"}