{"kt": 7.709563685616313, "armature": 0.9732017667563382, "friction_base": 1.4462862541212224e-10, "friction_stribeck": 5.455188967669691, "dtheta_stribeck": 2.079758511184917, "alpha": 2.99999673058633, "friction_viscous": 9.570659122263434, "model": "m2", "actuator": "erob80_100"}