{"kt": 9.800442495732021, "armature": 0.9469802941293913, "friction_base": 0.0001250620234780261, "friction_stribeck": 4.381669778040507, "load_friction_base": 2.126815651171455e-06, "load_friction_stribeck": 0.1661425164008433, "dtheta_stribeck": 1.977086206494623, "alpha": 2.9999261411563274, "friction_viscous": 9.02901791728356, "model": "m4", "actuator": "erob80_100"}