{"kt": 2.1913757006745245, "R": 2.9649903987776804, "armature": 0.026609234235148084, "friction_base": 0.10352026623606064, "friction_viscous": 0.03520238029013507, "model": "m1", "actuator": "mx106"}