{"kt": 2.190958566263214, "R": 2.9609045764726725, "armature": 0.026838831911873175, "friction_base": 2.768555173702711e-06, "friction_stribeck": 0.11742121471961874, "dtheta_stribeck": 1.8487805494299074, "alpha": 1.7413892741330947, "friction_viscous": 0.059589394457307716, "model": "m2", "actuator": "mx106"}