{"kt": 2.204165397088512, "R": 2.653346939680077, "armature": 0.02484689556730746, "friction_base": 0.1133532996239035, "load_friction_base": 0.10824037267470683, "friction_viscous": 0.01194450384263248, "model": "m3", "actuator": "mx106"}