{"kt": 2.2087822411811935, "R": 2.0142427292798475, "armature": 0.026018155628771758, "friction_base": 1.8812712661235184e-10, "friction_stribeck": 0.12242747179820507, "load_friction_motor": 0.20763710226562626, "load_friction_external": 0.022684350817709906, "load_friction_motor_stribeck": 0.19519320110890795, "load_friction_external_stribeck": 0.08490162305974122, "dtheta_stribeck": 1.7457130513692263, "alpha": 1.138313248724122, "friction_viscous": 0.05066487276724427, "model": "m5", "actuator": "mx106"}