{"kt": 0.3000000000000018, "R": 3.380185200905008, "armature": 0.0017889630015633746, "q_offset": 0.021983499790260014, "friction_base": 0.01091825679507787, "friction_viscous": 0.010025021411758137, "model": "m1", "actuator": "xl330"}