{"kt": 0.30289755582162975, "R": 3.3684302037392664, "armature": 0.0017252511613451657, "q_offset": 0.018329850738874692, "friction_base": 0.02056180265843287, "friction_viscous": 0.007824871088049171, "model": "m1", "actuator": "xl330"}