{"kt": 0.20073207566393902, "R": 2.8670515996481516, "armature": 0.0015256904230708807, "q_offset": 0.015292971704036026, "friction_base": 0.016056449717240236, "friction_viscous": 0.018208404393321075, "model": "m1", "actuator": "xl330"}