{"kt": 0.32321138819018436, "R": 4.7636501514851926, "armature": 0.001643216859746982, "q_offset": 0.01795252374733891, "friction_base": 0.0069659724474934286, "friction_viscous": 0.010494765451601431, "model": "m1", "actuator": "xl330"}