{
    "kt": 0.38528091566850053,
    "R": 4.000263886971013,
    "armature": 0.001819285317339707,
    "q_offset": 0.03284548034270232,
    "friction_base": 4.133833162325061e-15,
    "friction_stribeck": 0.01265123828962108,
    "dtheta_stribeck": 4.166521110955459,
    "alpha": 1.3636445350385433,
    "friction_viscous": 0.005620845480615652,
    "model": "m2",
    "actuator": "xl330"
}