{"kt": 0.3000720069538782, "R": 3.422351469701773, "armature": 0.0018351949338899591, "q_offset": 0.022592190159599387, "friction_base": 0.0019886188548530657, "friction_stribeck": 0.005585354519563084, "dtheta_stribeck": 1.9506211404437368, "alpha": 1.691409215272971, "friction_viscous": 0.011955233153630796, "model": "m2", "actuator": "xl330"}