{
    "kt": 0.38042022855161584,
    "R": 3.380066954773944,
    "armature": 0.001917772275220315,
    "q_offset": 0.029439576907685533,
    "friction_base": 0.008881712972862601,
    "load_friction_base": 0.12166455532811028,
    "friction_viscous": 0.004379099756757558,
    "model": "m3",
    "actuator": "xl330"
}