{"kt": 0.303609876267925, "R": 2.444951107725838, "armature": 0.0020566024734211697, "q_offset": 0.02113563649978374, "friction_base": 0.0004496236724962162, "friction_stribeck": 8.98236594176617e-05, "load_friction_motor": 0.28425109160327744, "load_friction_external": 0.13631427926858256, "load_friction_motor_stribeck": 0.000962295552186495, "load_friction_external_stribeck": 0.07756269586185101, "load_friction_motor_quad": 0.0052586872345423965, "load_friction_external_quad": 0.009015695123707009, "dtheta_stribeck": 0.7791999762669103, "alpha": 1.8121453469382847, "friction_viscous": 0.008178654749130088, "model": "m6", "actuator": "xl330"}