{"kt": 0.3249836557457353, "R": 2.6489545363154137, "armature": 0.001957458468996373, "q_offset": 0.013590191652650227, "friction_base": 0.00599079528457656, "friction_stribeck": 0.0015824044832487478, "load_friction_motor": 0.4288356721156603, "load_friction_external": 0.0021359230598585605, "load_friction_motor_stribeck": 0.0005849143878108778, "load_friction_external_stribeck": 0.18929056020775098, "load_friction_motor_quad": 0.006606117431414187, "load_friction_external_quad": 0.0011622643935819302, "dtheta_stribeck": 2.578809654969247, "alpha": 2.921757808544202, "friction_viscous": 0.008135615341970309, "model": "m6", "actuator": "xl330"}