{"kt": 1.1825652989380575, "error_gain_ratio": 1.028665200974065, "R": 2.7155614266127666, "armature": 0.027379432207727913, "q_offset": -0.013932701696702743, "max_velocity": 5.242111707385247, "friction_base": 0.06787034393446413, "friction_viscous": 0.04463218954431852, "model": "m1", "actuator": "sts3215"}