{"kt": 0.9869471336819953, "R": 35.609097347319235, "armature": 0.0011189506223419352, "q_offset": -0.020819378421668963, "friction_base": 0.027514504332133573, "friction_viscous": 0.003317607576942647, "model": "m1", "actuator": "xl320"}