{"kt": 1.0088269677439867, "R": 31.585877261639528, "armature": 0.0011629864934131363, "q_offset": -0.021178174404549527, "friction_base": 4.333784350288425e-07, "friction_stribeck": 0.016305511369376878, "load_friction_motor": 3.0882140904620497e-06, "load_friction_external": 0.158325301089096, "load_friction_motor_stribeck": 5.965719077390517e-09, "load_friction_external_stribeck": 0.24548304071888186, "load_friction_motor_quad": 0.0036164099909151977, "load_friction_external_quad": 0.00471092869180762, "dtheta_stribeck": 2.3010537332753387, "alpha": 1.7067361543333317, "friction_viscous": 0.007225172246502409, "model": "m6", "actuator": "xl320"}