{
    "kt": 1.6204381558934768,
    "R": 3.8944216519292354,
    "armature": 0.011923664899375061,
    "friction_base": 0.05611931763075957,
    "friction_stribeck": 0.08186411549068562,
    "dtheta_stribeck": 1.1202509555217797,
    "alpha": 2.9999999999758256,
    "friction_viscous": 0.019180846406029385,
    "model": "m2",
    "actuator": "mx64"
}