{
    "kt": 1.631491787799071,
    "R": 3.5708899455080743,
    "armature": 0.011237906702031345,
    "friction_base": 0.10216727649779266,
    "load_friction_base": 0.07580074806755707,
    "friction_viscous": 0.0006300275797440622,
    "model": "m3",
    "actuator": "mx64"
}