{"kt": 1.6016832750318712, "R": 2.3164043271967447, "armature": 0.012265893049213158, "friction_base": 6.217919698787649e-07, "friction_stribeck": 0.12269525980968875, "load_friction_motor": 0.3114720375111298, "load_friction_external": 2.0462014258729542e-08, "load_friction_motor_stribeck": 0.18774381222411038, "load_friction_external_stribeck": 0.014065853481003015, "load_friction_motor_quad": 0.006908512882777861, "load_friction_external_quad": 0.009999980627672081, "dtheta_stribeck": 2.575277366960116, "alpha": 0.8409018066017007, "friction_viscous": 0.02533701181690149, "model": "m6", "actuator": "mx64"}