{"kt": 0.9412943898835693, "R": 34.1760764247053, "armature": 0.0011083204599469999, "q_offset": -0.02329389200964553, "friction_base": 3.177176398057847e-13, "friction_stribeck": 0.029893896971168774, "dtheta_stribeck": 2.328630880018793, "alpha": 1.2291010093231018, "friction_viscous": 0.009148664963139992, "model": "m2", "actuator": "xl320"}