{"kt": 0.9948534969472849, "R": 26.200017809258604, "armature": 0.001481958770010781, "q_offset": -0.02324030641673211, "friction_base": 6.522076622427767e-12, "friction_stribeck": 0.021503490738180312, "load_friction_base": 0.22138710692461464, "load_friction_stribeck": 8.459762897200913e-11, "dtheta_stribeck": 1.9672779167547327, "alpha": 1.836241835428265, "friction_viscous": 0.007794402213506581, "model": "m4", "actuator": "xl320"}