{"kt": 1.0089902629814915, "R": 31.59537719366117, "armature": 0.0011623832707017194, "q_offset": -0.021243741085637008, "friction_base": 6.936756414963028e-09, "friction_stribeck": 0.016288653470458467, "load_friction_motor": 3.027099212974675e-08, "load_friction_external": 0.15805798326702472, "load_friction_motor_stribeck": 7.425588167327617e-09, "load_friction_external_stribeck": 0.24623407524685495, "dtheta_stribeck": 2.3026673245198115, "alpha": 1.7036615009066722, "friction_viscous": 0.007224488134308582, "model": "m5", "actuator": "xl320"}