{"kt": 4.54339886748877, "R": 2.5088214949606913, "armature": 0.3369387357725746, "friction_base": 4.096647502063686, "friction_viscous": 1.29805795295293, "model": "m1", "actuator": "erob80_50"}