{"kt": 4.5436619148111745, "R": 2.521141651470365, "armature": 0.3345162630438232, "friction_base": 4.086230363954603, "friction_stribeck": 1.6504871346024715e-08, "dtheta_stribeck": 0.9617768749469398, "alpha": 1.438935728332229, "friction_viscous": 1.3131993446070485, "model": "m2", "actuator": "erob80_50"}