{"kt": 4.819245281951386, "R": 2.204653159105827, "armature": 0.32927931334382515, "friction_base": 3.46658012152533, "load_friction_base": 0.06292192512694414, "friction_viscous": 1.207272265635136, "model": "m3", "actuator": "erob80_50"}