{"kt": 4.822323833607484, "R": 1.820386625418371, "armature": 0.3338305298602653, "friction_base": 3.453696652879759, "friction_stribeck": 9.218443879044224e-06, "load_friction_base": 0.06308728641180934, "load_friction_stribeck": 7.125720330621117e-07, "dtheta_stribeck": 0.34601387316221976, "alpha": 2.727164024161143, "friction_viscous": 1.216634943303125, "model": "m4", "actuator": "erob80_50"}