{"kt": 4.818322648039187, "R": 0.8574854939440504, "armature": 0.3310758428281228, "friction_base": 2.3673298244088454, "friction_stribeck": 0.8379934972683746, "load_friction_motor": 0.03418184370369529, "load_friction_external": 0.00026790940844419897, "load_friction_motor_stribeck": 0.015404277930421264, "load_friction_external_stribeck": 0.08496269863014352, "dtheta_stribeck": 2.263893998051299, "alpha": 2.984725791735308, "friction_viscous": 1.6088820042966994, "model": "m5", "actuator": "erob80_50"}