{"kt": 4.896769365659586, "R": 1.0734946294308996, "armature": 0.36173986463800073, "friction_base": 3.258936577427873, "friction_stribeck": 0.32043116640097835, "load_friction_motor": 0.03566185222966088, "load_friction_external": 0.0008431659435708802, "load_friction_motor_stribeck": 0.003770985236415064, "load_friction_external_stribeck": 0.041438023645284434, "load_friction_motor_quad": 0.0018721192347735344, "load_friction_external_quad": 0.0015990991138724365, "dtheta_stribeck": 2.830385649014235, "alpha": 1.7864364677651365, "friction_viscous": 1.403394119501813, "model": "m6", "actuator": "erob80_50"}