{
    "1.0": 0.5319845372387404,
    "2.0": 1.1207263636292493,
    "3.0": 1.7045594514985243,
    "4.0": 2.2902333163132624,
    "5.0": 2.878668346546194,
    "6.0": 3.4655693959912406,
    "7.0": 4.05737918395752,
    "8.0": 4.6381443102510245,
    "9.0": 5.2219773981203,
    "10.0": 5.816241555347197,
    "11.0": 6.400074643216472,
    "12.0": 7.001088315910065,
    "13.0": 7.605169950179432,
    "14.0": 8.191457407309324,
    "15.0": 8.77406331054829
}