{"2.0": 0.6887573737606528, "3.0": 1.1063069442231244, "4.0": 1.5591380728069657, "5.0": 1.988652693414945, "6.0": 2.382885755901555, "7.0": 2.808718822618609, "8.0": 3.227802373868966, "9.0": 3.6705092292527626, "10.0": 4.106773365327439, "11.0": 4.532913228202069, "12.0": 4.98267639521014, "13.0": 5.407589073454462, "14.0": 5.844466801844293, "15.0": 6.284412491809895}