{"kt": 9.469248716117072, "armature": 0.9887557992291075, "friction_base": 4.83228100668814, "load_friction_base": 0.14798087840990956, "friction_viscous": 7.395263062846597, "model": "m3", "actuator": "erob80_100"}