{"kt": 8.7651105517004, "armature": 0.7444198326018837, "friction_base": 0.0008544416565456324, "friction_stribeck": 3.8971701985820273, "load_friction_motor": 0.0014386633405137944, "load_friction_external": 3.392293448680981e-06, "load_friction_motor_stribeck": 7.95025355007889e-05, "load_friction_external_stribeck": 0.2544739333707678, "dtheta_stribeck": 1.8499219470996635, "alpha": 2.999117024168752, "friction_viscous": 8.888393828048388, "model": "m5", "actuator": "erob80_100"}